1,Bad Boy Carolina Herrera de 100ml,product20230421/Bad_Boy_150ml_Eau_de_Toilette.jpg,1,1,150,55,https://pay.hotmart.com/F82103851C,2
2,Sauvage de Dior 100ml,product20230421/Sauvage_de_Dior_100ml.jpg,1,1,150,55,https://pay.hotmart.com/F82103851C,2
3,Polo Red de 125ml,product20230421/Polo_red_de_125ml.jpg,1,1,130,55,https://pay.hotmart.com/Q82034581I,2
4,212 men Carolina Herrera de 100ml,product20230421/212_men_Carolina_Herrera_de_100ml.jpg,1,2,130,55,https://pay.hotmart.com/Q82034581I,2
5,Issey Miyake de 100ml,product20230421/Issey_Miyake_de_100ml_.jpg,1,1,130,55,https://pay.hotmart.com/Q82034581I,2
6,One million de 100ml,product20230421/One_million_de_100ml.jpg,1,1,130,55,https://pay.hotmart.com/Q82034581I,2
7,Polo black de 125ml,product20230421/Polo_black_de_125ml.jpg,1,1,150,55,https://pay.hotmart.com/F82103851C,2
8,212 vip de 100ml,product20230421/212_vip_de_100ml.jpg,1,1,130,55,https://pay.hotmart.com/Q82034581I,2
9,Invictus intence de 100ml,product20230421/Invictus_intence_de_100ml.jpg,1,1,130,55,https://pay.hotmart.com/Q82034581I,2
10,Dolce & Gabbana The One 100ml,product20230421/Te_one___dolce_gabanna_de_100nl.jpg,1,1,150,55,https://pay.hotmart.com/F82103851C,2
11,Invictus de 100ml,product20230421/Invictus_de_100ml.jpg,1,1,130,55,https://pay.hotmart.com/Q82034581I,2
12,Chanel EAU tendre de 100ml,product20230421/Chanel_EAU_tendre_de_100ml.jpg,1,1,130,55,https://pay.hotmart.com/Q82034581I,3
13,Chance de Chanel 100ml,product20230421/Chance_de_Chanel_100ml.jpg,1,1,150,55,https://pay.hotmart.com/F82103851C,3
14,Coco Chanel de 100ml,product20230421/Coco_Chanel_de_100ml.jpg,1,1,150,55,https://pay.hotmart.com/F82103851C,3
15,Lancôme La Vida Es Bella Eau De Parfum 100 ml,product20230421/La_vida_es_bella_de_100ml.jpg,1,1,150,55,https://pay.hotmart.com/F82103851C,3
16,Chanel n5 de 100ml,product20230421/Chanel_n5_de_100ml.jpg,1,1,150,55,https://pay.hotmart.com/F82103851C,3
17,212 vip Rose 80ml,product20230421/212_vip_Rose_80ml.jpg,1,1,130,55,https://pay.hotmart.com/Q82034581I,3
18,212 sexy de 100ml,product20230421/212_sexy_de_100ml.jpg,1,1,130,55,https://pay.hotmart.com/Q82034581I,3
19,Issey Miyake L'eau d'Issey Eau de toilette 100 ml,product20230421/Issey_Miyake_de_100ml-f.jpg,1,1,130,55,https://pay.hotmart.com/Q82034581I,3
20,Paco Rabanne Fame Eau de parfum 80 ml para mujer recargable,product20230421/Fame_Paco_Rabanne_110ml.jpg,1,1,150,55,https://pay.hotmart.com/F82103851C,3
21,Christian Dior Miss Dior Edp 100ml,product20230421/Mis_Dior_Christian_Dior_110ml.jpg,1,1,130,55,https://pay.hotmart.com/Q82034581I,3
22,Carolina Herrera 100ml,product20230421/Carolina_Herrera_100ml_mujer.jpg,1,1,100,55,https://pay.hotmart.com/A82034651E,3
23,Can Can Paris Hilton Edp 100ml,product20230421/Can_Can_Pariz_Hilton_100ml.jpg,1,1,100,55,https://pay.hotmart.com/A82034651E,3
